{
  "desc": "本地json数据模拟",
  "appCode": "0",
  "dataBuffer": "成功",
  "resultList": [
    {
      "createTime": "2019-03-18 18:52:12",
      "extras": null,
      "id": null,
      "isDelete": false,
      "rltRouteDeviceList": [],
      "rltRoutePostList": [],
      "routeGeo": {
        "circle": false,
        "dimensions": 2,
        "elemInfo": [
          1,
          2,
          1
        ],
        "elements": [
          {
            "$ref": ".."
          }
        ],
        "firstPoint": [
          109.000634455087,
          34.2791753307599
        ],
        "geodeticMBR": false,
        "javaPoint": null,
        "javaPoints": null,
        "lRMDimension": 0,
        "lRSGeometry": false,
        "labelPoint": null,
        "labelPointXYZ": [
          null,
          null,
          null
        ],
        "lastPoint": [
          109.001966269211,
          34.2762208648805
        ],
        "mBR": [
          109.000634455087,
          34.2762208648805,
          109.00582920394,
          34.2791753307599
        ],
        "multiPoint": false,
        "numPoints": 4,
        "ordinatesArray": [
          109.000634455087,
          34.2791753307599,
          109.00582920394,
          34.2790491371041,
          109.004814060627,
          34.2773269459253,
          109.001966269211,
          34.2762208648805
        ],
        "ordinatesOfElements": [
          [
            109.000634455087,
            34.2791753307599,
            109.00582920394,
            34.2790491371041,
            109.004814060627,
            34.2773269459253,
            109.001966269211,
            34.2762208648805
          ]
        ],
        "orientMultiPointOffset": 0,
        "orientedMultiPoint": false,
        "orientedPoint": false,
        "point": null,
        "rectangle": false,
        "sRID": 4326,
        "size": 116,
        "type": 2
      },
      "routeId": "R2019031818521244619846",
      "routeLength": 1106,
      "routeMemo": null,
      "routeName": "城西银泰到印象城",
      "routePlanTime": 3.0,
      "routePointList": [
        {
          "mapLength": 1,
          "parkTime": 0.0,
          "pointX": 109.000634,
          "mapPointX": 109.000634,
          "pointTypeId": "ROUTEPOINTTYPE01",
          "pointY": 34.279175,
          "mapPointY": 34.279175,
          "pointName": "城西银泰",
          "pointLength": 0,
          "extras": null,
          "pointTypeName": "起点",
          "speed": 40.0,
          "pointSortno": 1,
          "routeId": "R2019031818521244619846",
          "pointId": "RO2019031818521264478889",
          "sectionLength": 0,
          "planTime": 0.0,
          "id": null,
          "taskId": "T2019031216044650605563"
        },
        {
          "mapLength": 1,
          "parkTime": 0.0,
          "pointX": 109.005829,
          "mapPointX": 109.005829,
          "pointTypeId": "ROUTEPOINTTYPE02",
          "pointY": 34.279049,
          "mapPointY": 34.279049,
          "pointName": "途径点",
          "pointLength": 579,
          "extras": null,
          "pointTypeName": "途径点",
          "speed": 40.0,
          "pointSortno": 2,
          "routeId": "R2019031818521244619846",
          "pointId": "RO2019031818521227371965",
          "sectionLength": 1,
          "planTime": 1.0,
          "id": null,
          "taskId": "T2019031216044650605563"
        },
        {
          "mapLength": 1,
          "parkTime": 0.0,
          "pointX": 109.004814,
          "mapPointX": 109.004814,
          "pointTypeId": "ROUTEPOINTTYPE02",
          "pointY": 34.277327,
          "mapPointY": 34.277327,
          "pointName": "途径点",
          "pointLength": 773,
          "extras": null,
          "pointTypeName": "途径点",
          "speed": 40.0,
          "pointSortno": 3,
          "routeId": "R2019031818521244619846",
          "pointId": "RO2019031818521247691530",
          "sectionLength": 1,
          "planTime": 1.0,
          "id": null,
          "taskId": "T2019031216044650605563"
        },
        {
          "mapLength": 1,
          "parkTime": 0.0,
          "pointX": 109.001966,
          "mapPointX": 109.001966,
          "pointTypeId": "ROUTEPOINTTYPE04",
          "pointY": 34.276221,
          "mapPointY": 34.276221,
          "pointName": "印象城",
          "pointLength": 1106,
          "extras": null,
          "pointTypeName": "终点",
          "speed": 40.0,
          "pointSortno": 4,
          "routeId": "R2019031818521244619846",
          "pointId": "RO2019031818521257902177",
          "sectionLength": 333,
          "planTime": 1.0,
          "id": null,
          "taskId": "T2019031216044650605563"
        }
      ],
      "routeStartPlace": "城西银泰",
      "routeTargetPlace": "印象城",
      "routeTypeId": "ROUTETYPE01",
      "routeTypeName": "执行线路",
      "strArea": "{\"paths\":[[[109.000634455087,34.2791753307599],[109.00582920394,34.2790491371041],[109.004814060627,34.2773269459253],[109.001966269211,34.2762208648805]]],\"spatialReference\":{\"wkid\":4326}}",
      "taskId": "T2019031216044650605563",
      "updateTime": "2019-03-18 18:52:12"
    },
    {
      "createTime": "2019-03-12 17:20:37",
      "extras": null,
      "id": null,
      "isDelete": false,
      "rltRouteDeviceList": [],
      "rltRoutePostList": [],
      "routeGeo": {
        "circle": false,
        "dimensions": 2,
        "elemInfo": [
          1,
          2,
          1
        ],
        "elements": [
          {
            "$ref": ".."
          }
        ],
        "firstPoint": [
          109.008559226831,
          34.2775682032802
        ],
        "geodeticMBR": false,
        "javaPoint": null,
        "javaPoints": null,
        "lRMDimension": 0,
        "lRSGeometry": false,
        "labelPoint": null,
        "labelPointXYZ": [
          null,
          null,
          null
        ],
        "lastPoint": [
          109.015871852108,
          34.2775607799873
        ],
        "mBR": [
          109.008559226831,
          34.2774494305151,
          109.015871852108,
          34.2775682032802
        ],
        "multiPoint": false,
        "numPoints": 5,
        "ordinatesArray": [
          109.008559226831,
          34.2775682032802,
          109.010212203552,
          34.2774939703217,
          109.011245314002,
          34.2774494305151,
          109.014865692364,
          34.2775682032802,
          109.015871852108,
          34.2775607799873
        ],
        "ordinatesOfElements": [
          [
            109.008559226831,
            34.2775682032802,
            109.010212203552,
            34.2774939703217,
            109.011245314002,
            34.2774494305151,
            109.014865692364,
            34.2775682032802,
            109.015871852108,
            34.2775607799873
          ]
        ],
        "orientMultiPointOffset": 0,
        "orientedMultiPoint": false,
        "orientedPoint": false,
        "point": null,
        "rectangle": false,
        "sRID": 4326,
        "size": 132,
        "type": 2
      },
      "routeId": "R2019031217203792204441",
      "routeLength": 815,
      "routeMemo": null,
      "routeName": "西田城到石灰桥 常备",
      "routePlanTime": 4.0,
      "routePointList": [
        {
          "mapLength": 1,
          "parkTime": 0.0,
          "pointX": 109.008559,
          "mapPointX": 109.008559,
          "pointTypeId": "ROUTEPOINTTYPE01",
          "pointY": 34.277568,
          "mapPointY": 34.277568,
          "pointName": "西田城",
          "pointLength": 0,
          "extras": null,
          "pointTypeName": "起点",
          "speed": 40.0,
          "pointSortno": 1,
          "routeId": "R2019031217203792204441",
          "pointId": "RO2019031217203788047689",
          "sectionLength": 0,
          "planTime": 0.0,
          "id": null,
          "taskId": "T2019031216044650605563"
        },
        {
          "mapLength": 0,
          "parkTime": 0.0,
          "pointX": 109.010212,